2018_player_id,2018_player_name,2018_position_id,2018_team_id,2017_player_id,2017_player_name,2017_position_id,new_player_id
110118,Matt Lampson,1,6977,2,Matt Lampson,1,110118
133042,Jonathan Campbell,2,1207,3,Jonathan Campbell,2,133042
86898,Johan Kappelhof,2,1207,6,Johan Kappelhof,2,86898
172474,Brandon Vincent,2,1207,8,Brandon Vincent,2,172474
41625,Arturo Alvarez,3,1897,9,Arturo Alvarez,3,41625
220580,Drew Conner,3,1207,10,Drew Conner,3,220580
41626,Dax McCarty,3,1207,14,Dax McCarty,3,41626
197428,Matt Polster,2,1207,15,Matt Polster,3,197428
246874,Djordje Mihailovic,3,1207,16,Djordje Mihailovic,3,246874
126174,David Accam,3,5513,17,David Accam,4,126174
66238,Michael de Leeuw,4,1207,20,Michael de Leeuw,4,66238
82064,Nemanja Nikolic,4,1207,21,Nemanja Nikolic,4,82064
152151,Luis Solignac,3,1207,22,Luis Solignac,4,152151
245013,Daniel Johnson,3,1207,23,Daniel Johnson,3,245013
245017,Stefan Cleveland,1,1207,24,Stefan Cleveland,1,245017
15337,Tim Howard,1,436,26,Tim Howard,1,15337
95276,Zac MacMath,1,436,27,Zac MacMath,1,95276
41492,Marc Burch,2,6977,28,Marc Burch,2,41492
234251,Kortne Ford,2,436,31,Kortne Ford,2,234251
164480,Eric Miller,2,436,32,Eric Miller,2,164480
202407,Axel Sjoberg,2,436,33,Axel Sjoberg,2,202407
131833,Jared Watts,2,436,34,Jared Watts,2,131833
163042,Micheal Azira,3,436,36,Michael Azira,3,163042
60235,Sam Cronin,3,6977,37,Sam Cronin,3,60235
177954,Marlon Hairston,2,436,38,Marlon Hairston,3,177954
245617,Ricardo Perez,3,436,39,Ricardo Perez,3,245617
78015,Dillon Powers,3,6900,40,Dillon Powers,3,78015
151954,Dillon Serna,3,436,41,Dillon Serna,3,151954
116185,Bismark Adjei-Boateng,3,436,42,Bismark Adjei-Boateng,3,116185
202376,Dominique Badji,4,436,43,Dominique Badji,4,202376
166317,Caleb Calvert,4,436,44,Caleb Calvert,4,166317
41921,Shkelzen Gashi,3,436,45,Shkelzen Gashi,4,41921
41667,Alan Gordon,4,1207,46,Alan Gordon,4,41667
164484,Zack Steffen,1,454,48,Zack Steffen,1,164484
151939,Brad Stuver,1,9668,49,Brad Stuver,1,151939
244927,Lalas Abubakar,2,454,50,Lalas Abubakar,2,244927
49483,Harrison Afful,2,454,51,Harrison Afful,2,49483
234406,Alex Crognale,2,454,52,Alex Crognale,2,234406
121332,Waylon Francis,2,3500,53,Waylon Francis,2,121332
66905,Jonathan Mensah,2,454,54,Jonathan Mensah,2,66905
62535,Jukka Raitala,2,1616,56,Jukka Raitala,2,62535
60716,Gaston Sauro,2,454,57,Gaston Sauro,2,60716
94479,Josh Williams,2,454,58,Josh Williams,2,94479
95545,Mohammed Abu,3,454,59,Mohammed Abu,3,95545
110583,Ethan Finlay,3,6977,61,Ethan Finlay,3,110583
244998,Niko Hansen,3,454,62,Niko Hansen,3,244998
47681,Federico Higuain,3,454,63,Federico Higuain,3,47681
94934,Hector Jimenez,2,454,65,Hector Jimenez,3,94934
226637,Cristian Martinez,3,454,66,Cristian Martinez,3,226637
94368,Justin Meram,3,6900,67,Justin Meram,3,94368
82516,Tony Tchani,3,1207,70,Tony Tchani,3,82516
148995,Wil Trapp,3,454,71,Will Trapp,3,148995
152253,Adam Jahn,4,454,73,Adam Jahn,4,152253
55758,Ola Kamara,4,1230,74,Ola Kamara,4,55758
205343,Travis Worra,1,1326,78,Travis Worra,1,205343
129430,Steve Birnbaum,2,1326,79,Steve Birnbaum,2,129430
50122,Sean Franklin,2,1708,81,Sean Franklin,2,50122
116656,Taylor Kemp,2,1326,82,Taylor Kemp,2,116656
234432,Chris Odoi-Atsem,2,1326,83,Chris Odoi-Atsem,2,234432
151935,Kofi Opare,2,1326,84,Kofi Opare,2,151935
131839,Jalen Robinson,2,1326,85,Jalen Robinson,2,131839
179384,Luciano Acosta,3,1326,86,Luciano Acosta,3,179384
110580,Nick DeLeon,2,1326,88,Nick DeLeon,3,110580
211988,Chris Durkin,3,1326,89,Christopher Durkin,3,211988
226308,Ian Harkes,3,1326,90,Ian Harkes,3,226308
54916,Jared Jeffrey,3,1326,91,Jared Jeffrey,3,54916
68571,Lamar Neagle,3,3500,92,Lamar Neagle,3,68571
116661,Patrick Mullins,4,1326,100,Patrick Mullins,4,116661
157489,Jesse Gonzalez,1,1903,102,Jesse Gonzalez,1,157489
41679,Chris Seitz,1,1897,103,Chris Seitz,1,41679
245035,Reggie Cannon,2,1903,104,Reggie Cannon,2,245035
34285,Maynor Figueroa,2,1903,106,Maynor Figueroa,2,34285
110592,Matt Hedges,2,1903,109,Matt Hedges,2,110592
151933,Walker Zimmerman,2,11690,110,Walker Zimmerman,2,151933
149528,Kellyn Acosta,3,1903,111,Kellyn Acosta,3,149528
177653,Michael Barrios,3,1903,112,Michael Barrios,3,177653
56949,Mauro Diaz,3,1903,114,Mauro Diaz,3,56949
147744,Carlos Gruezo,3,1903,115,Carlos Gruezo,3,147744
226309,Jacori Hayes,3,1903,116,Jacori Hayes,3,226309
130056,Ryan Hollingshead,2,1903,117,Ryan Hollingshead,3,130056
18681,Roland Lamah,3,1903,118,Roland Lamah,3,18681
224377,Paxton Pomykal,3,1903,120,Paxton Pomykal,3,224377
95280,Victor Ulloa,3,1903,121,Victor Ulloa,3,95280
177947,Tesho Akindele,4,1903,122,Tesho Akindele,4,177947
224372,Jesus Ferreira,4,1903,123,Jesus Ferreira,4,224372
223353,Bryan Reynolds,4,1903,124,Bryan Reynolds,4,223353
97607,Maximiliano Urruti,4,1903,125,Maximiliano Urruti,4,97607
197011,Cristian Colman,4,1903,126,Cristian Colman,4,197011
245504,Adonijah Reid,4,1903,127,Adonijah Reid,4,245504
212003,Calle Brown,1,3500,128,Calle Brown,1,212003
95309,Joe Willis,1,1897,130,Joe Willis,1,95309
95228,Jalil Anibaba,2,928,132,Jalil Anibaba,2,95228
60214,A.J. DeLaGarza,2,1897,133,AJ DeLaGarza,2,60214
82519,Jose Leonardo Ribeiro da Silva,2,1897,134,Jose Leonardo Ribeiro da Silva,2,82519
99108,Adolfo Machado,2,1897,135,Adolfo Machado,2,99108
151950,Dylan Remick,2,1897,136,Dylan Remick,2,151950
82518,Eric Alexander,3,1897,138,Eric Alexander,3,82518
149669,Juan David Cabezas,3,1897,139,Juan David Cabezas,3,149669
55209,Boniek Garcia,3,1897,140,Boniek Garcia,3,55209
33823,Ricardo Clark,3,454,141,Ricardo Clark,3,33823
110633,Andrew Wenger,3,1897,144,Andrew Wenger,3,110633
173145,Alberth Elis,4,1897,145,Alberth Elis,4,173145
177658,Mauro Manotas,4,1897,146,Mauro Manotas,4,177658
119575,Romell Quioto,4,1897,147,Romell Quioto,4,119575
109275,Evan Bush,1,1616,150,Evan Bush,1,109275
179846,Victor Cabrera,2,1616,153,Victor Cabrera,2,179846
42584,Laurent Ciman,2,11690,155,Laurent Ciman,2,42584
131840,Chris Duvall,2,1616,156,Chris Duvall,2,131840
131824,Kyle Fisher,2,1616,157,Kyle Fisher,2,131824
197038,Louis Beland-Goyette,3,1616,160,Louis Beland-Goyette,3,197038
227780,David Choiniere,3,1616,163,David Choiniere,3,227780
8859,Marco Donadel,3,1616,164,Marco Donadel,3,8859
110606,Calum Mallace,3,11690,165,Calum Mallace,3,110606
37996,Ignacio Piatti,3,1616,166,Ignacio Piatti,3,37996
225062,Shamit Shome,3,1616,168,Shamit Shome,3,225062
172518,Nick DePuy,4,1616,170,Nick DePuy,4,172518
184610,Anthony Jackson-Hamel,4,1616,171,Anthony Jackson-Hamel,4,184610
153016,Matteo Mancosu,4,1616,172,Matteo Mancosu,4,153016
41633,Dominic Oduro,4,1616,173,Dominic Oduro,4,41633
165096,Michael Salazar,3,1616,174,Michael Salazar,4,165096
102626,Clement Diop,1,1616,175,Clement Diop,1,102626
110620,Brian Rowe,1,1708,177,Brian Rowe,1,110620
176416,Hugo Arellano,2,1230,178,Hugo Arellano,2,176416
3785,Ashley Cole,2,1230,179,Ashley Cole,2,3785
213213,Dave Romney,2,1230,181,Dave Romney,2,213213
111473,Daniel Steres,2,1230,182,Daniel Steres,2,111473
60132,Baggio Husidic,3,1230,185,Baggio Husidic,3,60132
159716,Joao Pedro Almeida Machado,3,1230,186,Joao Pedro Almeida Machado,3,159716
88534,Sebastian Lletget,3,1230,188,Sebastian Lletget,3,88534
112264,Jose Villarreal,3,6900,189,Jose Villarreal,3,112264
168365,Emmanuel Boateng,3,1230,190,Emmanuel Boateng,4,168365
40275,Giovani dos Santos,4,1230,191,Giovani dos Santos,4,40275
177978,Bradford Jamieson IV,4,1230,192,Bradford Jamieson IV,4,177978
210476,Ariel Lassiter,4,1230,193,Ariel Lassiter,4,210476
95287,Jack McBean,4,436,194,Jack McBean,4,95287
149359,Gyasi Zardes,4,454,196,Gyasi Zardes,4,149359
86140,Romain Alessandrini,3,1230,197,Romain Alessandrini,3,86140
101135,Cody Cropper,1,928,198,Cody Cropper,1,101135
41556,Brad Knighton,1,928,199,Brad Knighton,1,41556
77521,Bobby Shuttleworth,1,6977,200,Bobby Shuttleworth,1,77521
224068,Matt Turner,1,928,201,Matt Turner,1,224068
151940,Andrew Farrell,2,928,202,Andrew Farrell,2,151940
51133,Chris Tierney,2,928,204,Chris Tierney,2,51133
67704,Antonio Delamea,2,928,208,Antonio Mlinar Delamea,2,67704
82524,Teal Bunbury,3,928,209,Teal Bunbury,3,82524
151955,Scott Caldwell,3,928,210,Scott Caldwell,3,151955
95284,Diego Fagundez,3,928,211,Diego Fagundez,3,95284
209256,Zachary Herivaux,3,928,212,Zachary Herivaux,3,209256
28580,Lee Nguyen,3,928,215,Lee Nguyen,3,28580
110619,Kelyn Rowe,3,928,216,Kelyn Rowe,3,110619
83905,Juan Agudelo,4,928,217,Juan Agudelo,4,83905
41493,Kei Kamara,4,1708,218,Kei Kamara,4,41493
180233,Brian Wright,4,928,219,Brian Wright,4,180233
78013,Sean Johnson,1,9668,221,Sean Johnson,1,78013
224029,Andre Rawls,1,9668,222,Andre Rawls,1,224029
110557,RJ Allen,2,6900,223,RJ Allen,2,110557
121000,Frederic Brillant,2,1326,224,Frederic Brillant,2,121000
57876,Maxime Chanot,2,9668,225,Maxime Chanot,2,57876
180593,Ronald Matarrita,2,9668,227,Ronald Matarrita,2,180593
159710,Alexander Callens,2,9668,229,Alexander Callens,2,159710
177930,Thomas McNamara,3,9668,234,Thomas McNamara,3,177930
213295,Jonathan Lewis,4,9668,236,Jonathan Lewis,4,213295
200192,Khiry Shelton,4,421,238,Khiry Shelton,4,200192
17279,David Villa,4,9668,239,David Villa,4,17279
88909,Alexander Ring,3,9668,240,Alexander Ring,3,88909
110609,Ryan Meara,1,399,241,Ryan Meara,1,110609
41210,Luis Robles,1,399,242,Luis Robles,1,41210
234377,Evan Louro,1,399,244,Evan Louro,1,234377
200785,Tyler Adams,3,399,245,Tyler Adams,3,200785
45959,Aurelien Collin,2,399,248,Aurelien Collin,2,45959
109699,Connor Lade,2,399,249,Connor Lade,2,109699
170827,Kemar Lawrence,2,399,250,Kemar Lawrence,2,170827
45122,Sal Zizzo,2,11091,251,Sal Zizzo,2,45122
131372,Sean Davis,3,399,253,Sean Davis,3,131372
220752,Derrick Etienne Jr.,3,399,254,Derrick Etienne,3,220752
56812,Felipe Martins,3,1708,255,Felipe Martins,3,56812
59848,Mike Grella,3,454,256,Mike Grella,3,59848
41703,Sacha Kljestan,3,6900,257,Sacha Kljestan,3,41703
220753,Alex Muyl,3,399,260,Alex Muyl,3,220753
84752,Daniel Royer,3,399,261,Daniel Royer,3,84752
18770,Bradley Wright-Phillips,4,399,265,Bradley Wright-Phillips,4,18770
247041,Hassan Ndam,2,399,266,Hassan Ndam,2,247041
95611,Joe Bendik,1,6900,267,Joe Bendik,1,95611
130049,Earl Edwards Jr.,1,6900,268,Earl Edwards Jr.,1,130049
219510,Mason Stajduhar,1,6900,269,Mason Stajduhar,1,219510
201031,Jose Aja,2,1708,271,Jose Aja,2,201031
170843,Victor Giro,2,6900,277,Victor Giro,2,170843
181180,Rafael Ramos,2,1207,278,Rafael Ramos,2,181180
181013,Tommy Redding,2,399,279,Tommy Redding,2,181013
96201,Donny Toia,2,6900,280,Donny Toia,2,96201
18005,Jonathan Spector,2,6900,281,Jonathan Spector,2,18005
95259,Servando Carrasco,3,1230,282,Servando Carrasco,3,95259
176403,Pierre Da Silva,4,6900,283,Pierre Da Silva,3,176403
149674,Cristian Higuita,3,6900,284,Cristian Higuita,3,149674
39276,Will Johnson,3,6900,285,Will Johnson,3,39276
221403,Richmond Laryea,3,6900,287,Richmond Laryea,3,221403
175337,Carlos Rivas,3,399,290,Carlos Rivas,3,175337
212020,Tony Rocha,3,6900,291,Tony Rocha,3,212020
50067,Brek Shea,2,1708,292,Brek Shea,3,50067
185126,Cyle Larin,4,6900,294,Cyle Larin,4,185126
163906,Andre Blake,1,5513,296,Andre Blake,1,163906
163565,John McCarthy,1,5513,297,John McCarthy,1,163565
132000,Fabio Alves,2,5513,298,Fabio Alves,2,132000
110974,Raymon Gaddis,2,5513,299,Raymon Gaddis,2,110974
178000,Richie Marquez,2,5513,300,Richie Marquez,2,178000
127541,Keegan Rosenberry,2,5513,301,Keegan Rosenberry,2,127541
201410,Auston Trusty,2,5513,303,Auston Trusty,2,201410
202192,Joshua Yaro,2,5513,305,Joshua Yaro,2,202192
203480,Eric Ayuk,3,5513,307,Eric Ayuk,3,203480
61770,Alejandro Bedoya,3,5513,308,Alejandro Bedoya,3,61770
110575,Warren Creavalle,3,5513,310,Warren Creavalle,3,110575
230802,Derrick Jones,3,5513,311,Derrick Jones,3,230802
45120,Ilson Pereira,3,5513,313,Ilson Pereira Dias Junior,3,45120
60152,Chris Pontius,3,1230,314,Chris Pontius,3,60152
221475,Fabian Herbers,3,5513,316,Fabian Herbers,4,221475
95321,C.J. Sapong,4,5513,317,CJ Sapong,4,95321
39976,Jay Simpson,4,5513,318,Jay Simpson,4,39976
94305,Jeff Attinella,1,1581,320,Jeff Attinella,1,94305
95297,Jake Gleeson,1,1581,321,Jake Gleeson,1,95297
164479,Kendall McIntosh,1,1581,322,Kendall McIntosh,1,164479
113367,Gbenga Arokoyo,2,11091,323,Gbenga Arokoyo,2,113367
241724,Rennico Clarke,2,1581,324,Rennico Clarke,2,241724
242130,Marco Farfan,2,1581,325,Marco Farfan,2,242130
34361,Roy Miller,2,1581,326,Roy Miller,2,34361
50102,Chance Myers,2,1581,327,Chance Myers,2,50102
153264,Alvas Powell,2,1581,329,Alvas Powell,2,153264
14278,Liam Ridgewell,2,1581,330,Liam Ridgewell,2,14278
95236,Zarek Valentin,2,1581,331,Zarek Valentin,2,95236
54862,Vytautas Andriuskevicius,2,1581,332,Vytautas Andriuskevicius,2,54862
205623,Victor Arboleda,3,1581,333,Victor Arboleda,3,205623
149675,Dairon Asprilla,3,1581,334,Dairon Asprilla,3,149675
112134,Jack Barmby,3,1581,335,Jack Barmby,3,112134
96622,Diego Chara,3,1581,336,Diego Chara,3,96622
95261,Darlington Nagbe,3,11091,337,Darlington Nagbe,3,95261
55817,Diego Valeri,3,1581,338,Diego Valeri,3,55817
77756,David Guzman,3,1581,340,David Guzman,3,77756
95186,Fanendo Adi,4,1581,341,Fanendo Adi,4,95186
235290,Jeremy Ebobisse,4,1581,342,Jeremy Ebobisse,4,235290
110608,Darren Mattocks,4,1326,343,Darren Mattocks,4,110608
15310,Nick Rimando,1,1899,347,Nick Rimando,1,15310
50136,Tony Beltran,2,1899,349,Tony Beltran,2,50136
183390,Justen Glad,2,1899,350,Justen Glad,2,183390
78019,Aaron Maund,2,1708,351,Aaron Maund,2,78019
47627,Demar Phillips,2,1899,352,Demar Phillips,2,47627
83378,Chris Schuler,2,6900,353,Chris Schuler,2,83378
50143,David Horst,2,1899,355,David Horst,2,50143
220877,Danilo Acosta,2,1899,356,Danilo Acosta,3,220877
177980,Jordan Allen,3,1899,357,Jordan Allen,3,177980
15517,Kyle Beckerman,3,1899,358,Kyle Beckerman,3,15517
173423,Jose Hernandez,2,11091,359,Jose Hernandez,3,173423
243978,Jose Hernandez,3,1899,359,Jose Hernandez,3,243978
153453,Luke Mulholland,3,1899,361,Luke Mulholland,3,153453
84481,Albert Rusnak,3,1899,362,Albert Rusnak,3,84481
43684,Sunday Stephen,3,1899,363,Sunday Stephen,3,43684
110624,Luis Silva,4,1899,364,Luis Silva,3,110624
41535,Yura Movsisyan,4,1899,365,Yura Movsisyan,4,41535
95278,Joao Plata,3,1899,366,Joao Plata,4,95278
194187,Sebastian Saucedo,3,1899,367,Sebastian Saucedo,4,194187
94932,David Bingham,1,1230,370,David Bingham,1,94932
221400,Andrew Tarbell,1,1131,371,Andrew Tarbell,1,221400
221755,Kip Colvey,2,436,373,Kip Colvey,2,221755
174109,Nick Lima,2,1131,376,Nick Lima,2,174109
99103,Harold Cummings,2,1131,379,Harold Cummings,2,99103
163482,Fatai Alashe,3,1131,380,Fatai Alashe,3,163482
117549,Darwin Ceren,3,1897,382,Darwin Ceren,3,117549
48759,Simon Dawkins,3,1131,383,Simon Dawkins,3,48759
99117,Anibal Godoy,3,1131,384,Anibal Godoy,3,99117
50081,Shea Salinas,2,1131,386,Shea Salinas,3,50081
178211,Tommy Thompson,3,1131,388,Tommy Thompson,3,178211
245628,Jackson Yueill,3,1131,389,Jackson Yueill,3,245628
60225,Quincy Amarikwa,4,1131,390,Quincy Amarikwa,4,60225
41647,Chris Wondolowski,4,1131,391,Chris Wondolowski,4,41647
77755,Marcos Urena,4,11690,392,Marcos Urena,4,77755
60238,Stefan Frei,1,3500,393,Stefan Frei,1,60238
107672,Bryan Meredith,1,3500,394,Bryan Meredith,1,107672
202361,Tyler Miller,1,11690,395,Tyler Miller,1,202361
221252,Tony Alfaro,2,3500,396,Tony Alfaro,2,221252
41487,Brad Evans,2,421,397,Brad Evans,2,41487
202378,Oniel Fisher,2,1326,398,Oniel Fisher,2,202378
33808,Chad Marshall,2,3500,400,Chad Marshall,2,33808
34160,Roman Torres,2,3500,401,Roman Torres,2,34160
244410,Nouhou Tolo,2,3500,402,Nouhou Tolo,2,244410
60244,Osvaldo Alonso,3,3500,403,Osvaldo Alonso,3,60244
172482,Aaron Kovar,3,11690,405,Aaron Kovar,3,172482
77992,Nicolas Lodeiro,3,3500,406,Nicolas Lodeiro,3,77992
172762,Cristian Roldan,3,3500,407,Cristian Roldan,3,172762
177976,Harry Shipp,3,3500,408,Harry Shipp,3,177976
198532,Henry Wingo,3,3500,409,Henry Wingo,3,198532
198920,Seyi Adekoya,4,3500,410,Seyi Adekoya,4,198920
95272,Will Bruin,4,3500,411,Will Bruin,4,95272
20226,Clint Dempsey,4,3500,412,Clint Dempsey,4,20226
172483,Jordan Morris,4,3500,414,Jordan Morris,4,172483
51774,Gustav Svensson,3,3500,415,Gustav Svensson,3,51774
61090,Andrew Dykstra,1,436,416,Andrew Dykstra,1,61090
86938,Tim Melia,1,421,417,Tim Melia,1,86938
213875,Adrian Zendejas,1,421,418,Adrian Zendejas,1,213875
202402,Saad Abdul-Salaam,2,9668,419,Saad Abdul-Salaam,2,202402
60207,Matt Besler,2,421,420,Matt Besler,2,60207
95320,Kevin Ellis,2,1207,421,Kevin Ellis,2,95320
169013,Jimmy Medranda,3,421,423,Jimmy Medranda,2,169013
78023,Ike Opara,2,421,424,Ike Opara,2,78023
82526,Seth Sinovic,2,421,427,Seth Sinovic,2,82526
50105,Roger Espinoza,3,421,428,Roger Espinoza,3,50105
20525,Benny Feilhaber,3,11690,429,Benny Feilhaber,3,20525
109320,Gerso Fernandes,4,421,430,Gerso Fernandes,3,109320
106519,Lawrence Olum,3,1581,433,Lawrence Olum,3,106519
86155,Ilie Sanchez,3,421,434,Ilie Sanchez,3,86155
60210,Graham Zusi,2,421,435,Graham Zusi,3,60210
245764,Latif Blessing,4,11690,436,Latif Blessing,4,245764
60318,Dom Dwyer,4,6900,437,Dom Dwyer,4,60318
102208,Diego Rubio,4,421,440,Diego Rubio,4,102208
213866,Daniel Salloi,3,421,441,Daniel Salloi,4,213866
101172,Soony Saad,4,421,443,Soony Saad,4,101172
163484,Alex Bono,1,2077,444,Alex Bono,1,163484
118738,Clint Irwin,1,2077,445,Clint Irwin,1,118738
82845,Steven Beitashour,2,11690,447,Steven Beitashour,2,82845
132113,Nick Hagglund,2,2077,448,Nick Hagglund,2,132113
41627,Drew Moor,2,2077,449,Drew Moor,2,41627
95630,Ashtone Morgan,2,2077,450,Ashtone Morgan,2,95630
83065,Justin Morrow,2,2077,451,Justin Morrow,2,83065
151949,Eriq Zavaleta,2,2077,452,Eriq Zavaleta,2,151949
37368,Michael Bradley,3,2077,453,Michael  Bradley,3,37368
112998,Jay Chapman,3,2077,455,Jay Chapman,3,112998
114579,Marky Delgado,3,2077,457,Marky Delgado,3,114579
153647,Jonathan Osorio,3,2077,459,Jonathon Osorio,3,153647
41574,Jozy Altidore,4,2077,460,Jozy Altidore,4,41574
40283,Sebastian Giovinco,4,2077,462,Sebastian Giovinco,4,40283
113002,Jordan Hamilton,4,2077,463,Jordan Hamilton,4,113002
62839,Tosaint Ricketts,4,2077,464,Tosaint Ricketts,4,62839
68259,Chris Mavinga,2,2077,465,Chris Mavinga,2,68259
52629,David Ousted,1,1326,466,David Ousted,1,52629
172761,Spencer Richey,1,1708,467,Spencer Richey,1,172761
225059,Alphonso Davies,3,1708,469,Alphonso Davies,2,225059
39226,Marcel de Jong,2,1708,470,Marcel de Jong,2,39226
129440,Christian Dean,2,1207,471,Christian Dean,2,129440
41599,Jordan Harvey,2,11690,473,Jordan Harvey,2,41599
231573,Brett Levis,2,1708,474,Brett Levis,2,231573
202356,Tim Parker,2,399,475,Tim Parker,2,202356
193906,Kendall Waston,2,1708,478,Kendall Waston,2,193906
205404,Deybi Flores,3,1708,481,Deybi Flores,3,205404
151953,Erik Hurtado,4,1708,482,Erik Hurtado,3,151953
87984,Nicolas Mezquida,3,1708,486,Nicolas Mezquida,3,87984
152577,Cristian Techera,3,1708,487,Cristian Techera,3,152577
92437,Russell Teibert,3,1708,488,Russell Teibert,3,92437
156787,Yordy Reyna,3,1708,489,Yordy Reyna,3,156787
156919,Alec Kann,1,11091,493,Alec Kann,1,156919
135297,Mikey Ambrose,2,11091,495,Mikey Ambrose,2,135297
110209,Greg Garza,2,11091,497,Greg Garza,2,110209
41552,Michael Parkhurst,2,11091,499,Michael Parkhurst,2,41552
241500,Miles Robinson,2,11091,500,Miles Robinson,2,241500
95780,Leandro Gonzalez Pirez,2,11091,501,Leandro Gonzalez Pirez,2,95780
12780,Tyrone Mears,2,6977,502,Tyrone Mears,2,12780
179018,Miguel Almiron,3,11091,503,Miguel Almiron,3,179018
159561,Yamil Asad,3,1326,504,Yamil Asad,3,159561
220142,Andrew Carleton,3,11091,505,Andrew Carleton,3,220142
220147,Chris Goslin,3,11091,506,Chris Goslin,3,220147
244997,Julian Gressel,3,11091,507,Julian Gressel,3,244997
160529,Harrison Heath,3,6977,508,Harrison Heath,3,160529
66857,Kevin Kratz,3,11091,509,Kevin Kratz,3,66857
41551,Jeff Larentowicz,3,11091,510,Jeff Larentowicz,3,41551
20491,Chris McCann,3,11091,511,Chris McCann,3,20491
41605,Jacob Peterson,4,11091,512,Jacob Peterson,3,41605
218313,Brandon Vazquez,4,11091,515,Brandon Vazquez,4,218313
122828,Hector Villalba,4,11091,516,Hector Villalba,4,122828
186262,Romario Williams,4,11091,517,Romario Williams,4,186262
113757,Patrick McLain,1,1207,519,Patrick McLain,1,113757
99122,Francisco Calvo,2,6977,521,Francisco Calvo,2,99122
49876,Vadim Demidov,2,6977,523,Vadim Demidov,2,49876
186250,Brent Kallman,2,6977,525,Brent Kallman,2,186250
110596,Miguel Ibarra,3,6977,528,Miguel Ibarra,3,110596
19825,Ibson Barreto da Silva,3,6977,529,Ibson Barreto da Silva,3,19825
131841,Collin Martin,3,6977,530,Collin Martin,3,131841
63954,Rasmus Schuller,3,6977,534,Rasmus Schuller,3,63954
77952,Kevin Molino,3,6977,535,Kevin Molino,3,77952
83072,Collen Warner,3,6977,536,Collen Warner,3,83072
202195,Abu Danladi,4,6977,537,Abu Danladi,4,202195
220450,Femi Hollinger-Janzen,4,928,538,Femi Hollinger-Janzen,4,220450
163397,Christian Ramirez,4,6977,539,Christian Ramirez,4,163397
55820,Sebastian Blanco,3,1581,541,Sebastian Blanco,3,55820
111686,Josef Martinez,4,11091,542,Josef Martinez,4,111686
54980,Danny Hoesen,3,1131,543,Danny Hoesen,4,54980
51937,Florian Jungwirth,3,1131,544,Florian Jungwirth,2,51937
28188,Haris Medunjanin,3,5513,545,Haris Medunjanin,3,28188
196762,Fafa Picault,3,5513,546,Fabrice-Jean Picault,4,196762
41393,Jahmir Hyka,3,1131,547,Jahmir Hyka,3,41393
178386,Brooks Lennon,3,1899,549,Brooks Lennon,4,178386
245020,Marcus Epps,3,5513,550,Marcus Epps,3,245020
247432,Adam Najem,3,5513,554,Adam Najem,3,247432
225851,Andrew Wheeler-Omiunu,3,11091,555,Andrew Wheeler-Omiunu,3,225851
12875,DaMarcus Beasley,2,1897,556,DaMarcus Beasley,2,12875
245005,Jake Nerwinski,2,1708,557,Jakob Nerwinski,2,245005
227232,Artur de Lima Junior,3,454,558,Jose de Lima Junior,3,227232
55831,Maximiliano Moralez,3,9668,559,Maximiliano Moralez,3,55831
60153,Rodney Wallace,3,9668,562,Rodney Wallace,3,60153
246808,Logan Ketterer,1,454,563,Logan Ketterer,1,246808
234725,Connor Maloney,2,454,564,Connor Maloney,2,234725
60032,Jerome Thiesson,2,6977,566,Jerome Thiesson,2,60032
226541,Yangel Herrera,3,9668,567,Yangel Herrera,3,226541
244929,Kwame Awuah,3,9668,569,Kwame Awuah,2,244929
204401,Michael Murillo,2,399,570,Michael Amir Murillo,2,204401
49841,Victor Vazquez,3,2077,571,Victor Vazquez,3,49841
163529,Ben Sweat,2,9668,573,Ben Sweat,2,163529
163541,Aaron Long,2,399,574,Aaron Long,2,163541
244988,Brandt Bronico,3,1207,576,Brandt Bronico,3,244988
245012,Jack Elliott,2,5513,578,Jack Elliott,2,245012
245008,Colton Storm,2,421,579,Colton Storm,2,245008
178297,George Malki,2,1897,585,George Malki,3,178297
177928,Daniel Lovitz,2,1616,587,Daniel Lovitz,2,177928
111536,Kevin Garcia,2,1897,590,Kevin Garcia,2,111536
27678,Scott Sutter,2,6900,592,Scott Sutter,2,27678
165072,Jordy Delem,3,3500,595,Jordy Delem,3,165072
131376,Zach Mathers,3,3500,596,Zach Mathers,3,131376
228605,Raheem Edwards,3,1616,597,Raheem Edwards,4,228605
90644,Jon Kempin,1,454,599,Jon Kempin,1,90644
186535,Jake McGuire,1,5513,604,Jake McGuire,1,186535
138020,Mike da Fonte,2,436,606,Mike da Fonte,2,138020
173614,Matt Bersano,1,1131,607,Matt Bersano,1,173614
15208,Bastian Schweinsteiger,3,1207,608,Bastian Schweinsteiger,3,15208
234266,Sam Hamilton,3,436,612,Sam Hamilton,3,234266
196666,Jefferson Savarino,4,1899,617,Jefferson Savarino,4,196666
102921,Bernie Ibini,3,1708,618,Bernie Ibini-Isei,4,102921
170148,Ben Spencer,4,2077,619,Ben Spencer,4,170148
233807,Amer Didic,2,421,623,Amer Didic,2,233807
41705,Brad Guzan,1,11091,625,Brad Guzan,1,41705
153399,Tomas Martinez,3,1897,626,Tomas Martinez,3,153399
154528,Charlie Ward,3,1897,627,Charlie Ward,3,154528
95330,Michael Boxall,2,6977,629,Michael Boxall,2,95330
132134,Sam Nicholson,3,6977,630,Sam Nicholson,3,132134
215471,James Sands,3,9668,631,James Sands,2,215471
41004,Larrys Mabiala,2,1581,632,Larrys Mabiala Destin,2,41004
77994,Marcelo Silva,2,1899,633,Marcelo Andres Silva Fernandez,2,77994
88940,Valeri Qazaishvili,3,1131,634,Valeri Kazaishvili,3,88940
58634,Kelvin Leerdam,2,3500,635,Kelvin Leerdam,2,58634
90764,Cristian Lobato,3,421,636,Cristian Lobato,3,90764
88147,Nicolas Hasler,2,2077,637,Nicolas Hasler,2,88147
72775,Stefan Marinovic,1,1708,638,Stefan Marinovic,1,72775
204399,Fidel Escobar,2,399,639,Fidel Escobar,2,204399
76688,Jonathan dos Santos,3,1230,640,Jonathan dos Santos,3,76688
45269,Claude Dielna,2,928,642,Claude Dielna,2,45269
61993,Muhamed Keita,3,399,643,Muhamed Keita,3,61993
175077,Bill Tuiloma,3,1581,644,Bill Poni Tuiloma,3,175077
27058,Francois Affolter,2,1131,645,Francois Affolter,2,27058
38099,Stefan Aigner,3,436,646,Stefan Aigner,3,38099
92202,Pedro Santos,3,454,647,Pedro Miguel Martins Santos,3,92202
209819,Russell Canouse,3,1326,648,Russell Canouse,3,209819
225007,Bruno Miranda,4,1326,649,Bruno Miranda,4,225007
20962,Zoltan Stieber,3,1326,650,Zoltan Stieber,4,20962
16854,Philippe Senderos,2,1897,652,Philippe Senderos,2,16854
246809,Alex Kapp,1,6977,653,Alex Kapp,1,246809
182906,Samuel Piette,3,1616,654,Samuel Piette,3,182906
98898,Yoshi Yotun,3,6900,655,Victor Yoshimar Yotun,2,98898
91373,Victor Rodriguez,3,3500,656,Victor Rodriguez,3,91373
166921,Paul Arriola,3,1326,657,Paul Arriola,3,166921
242216,Vincent Bezecourt,3,399,658,Vincent Bezecourt,3,242216
119491,James Musa,3,421,659,James Musa,3,119491
42512,Krisztian Nemeth,3,928,660,Krisztian Nemeth,4,42512
150711,Aly Ghazal,3,1708,661,Aly Ghazal,3,150711
111806,Steve Clark,1,1326,662,Steve Clark,1,111806
95298,Richard Sanchez,1,1207,663,Richard Sanchez,1,95298
231772,Jose Leiton,3,6977,664,Jose Leiton,3,231772
37740,Michael Ciani,2,1230,666,Michael Ciani,2,37740
117330,Jorge Corrales,2,1207,668,Jorge Corrales,2,117330
133584,Kharlton Belmar,4,421,669,Kharlton Belmar,4,133584
13356,Rod Fanni,2,1616,,,,13356
18529,Reto Ziegler,2,1903,,,,18529
22820,Milton Valenzuela,2,454,,,,22820
33900,Cristian Casseres Jr.,3,399,,,,33900
38401,Carlos Vela,4,11690,,,,38401
40497,Yannick Boli,4,436,,,,40497
40798,Gregory van der Wiel,2,2077,,,,40798
42453,Johnny Russell,3,421,,,,42453
44871,Rolf Feltscher,2,1230,,,,44871
45099,Tommy Smith,2,436,,,,45099
49438,Jordon Mutch,3,1708,,,,49438
50051,Caleb Patterson-Sewell,1,2077,,,,50051
53477,Edgar Castillo,2,436,,,,53477
53526,Efrain Juarez,3,1708,,,,53526
59059,Alfredo Ortuno,4,1899,,,,59059
60490,Danny Wilson,2,436,,,,60490
60536,Dejan Jakovic,2,11690,,,,60536
60906,Lamine Sane,2,6900,,,,60906
61934,Jo Inge Berget,4,9668,,,,61934
63800,Jorgen Skjelvik,2,1230,,,,63800
66244,Samuel Armenteros,4,1581,,,,66244
66284,Anton Tinnerholm,2,9668,,,,66284
66553,Magnus Eriksson,3,1131,,,,66553
68431,Damir Kreilach,3,1899,,,,68431
69194,Borek Dockal,3,5513,,,,69194
73442,Joe Mason,4,436,,,,73442
78008,Magnus Eikrem,3,3500,,,,78008
82752,Saphir Taider,3,1616,,,,82752
83005,Aleksandar Katai,3,1207,,,,83005
83055,Aleksandar Katai,3,1207,,,,83055
83725,Felipe Gutierrez,3,421,,,,83725
84760,Marc Rzatkowksi,3,399,,,,84760
85682,Zakaria Diallo,2,1616,,,,85682
88460,Alex Horwath,1,1899,,,,88460
88812,Doneil Henry,2,1708,,,,88812
95277,Perry Kitchen,3,1230,,,,95277
95281,Brian Sylvestre,1,1230,,,,95281
95778,Jimmy Maurer,1,1903,,,,95778
97016,Shawn Barry,2,1899,,,,97016
98925,Andres Flores,3,1581,,,,98925
102456,Oriol Rosell,3,6900,,,,102456
103903,Adam Henley,2,1899,,,,103903
104369,Yohan Croizet,3,421,,,,104369
105713,Wilfried Zahibo,3,928,,,,105713
107978,Johan Blomberg,3,436,,,,107978
110607,Enzo Martinez,3,436,,,,110607
110954,Mohamed El-Munir,2,6900,,,,110954
114041,Jack Price,3,436,,,,114041
114101,Oliver Shannon,3,11091,,,,114101
114236,Gabriel Somi,2,928,,,,114236
116957,Mitch Hildebrandt,1,11091,,,,116957
120022,Omar Gaber,2,11690,,,,120022
120760,Alejandro Silva,3,1616,,,,120760
120764,Kim Kee-Hee,2,3500,,,,120764
123657,Anton Nedyalkov,2,1903,,,,123657
126206,Eric Bird,3,1897,,,,126206
129443,Stefano Bonomo,3,399,,,,129443
131371,Sebastien Ibeagha,2,9668,,,,131371
148707,Amando Moreno,4,399,,,,148707
149231,Junior Moreno,3,1326,,,,149231
152268,Kyle Zobeck,1,1903,,,,152268
152278,Stefano Pinho,4,6900,,,,152278
153082,Cristian Penilla,4,928,,,,153082
153390,Ismael Tajouri,4,9668,,,,153390
159537,Ager Aketxe,3,2077,,,,159537
163044,Dane Kelly,4,1326,,,,163044
163523,Jimmy Ockford,2,1131,,,,163523
164489,Ebenezer Ofori,3,9668,,,,164489
167227,Jesus Medina,3,9668,,,,167227
167890,Michael Petrasso,2,1616,,,,167890
168567,Cedric Hountondji,2,9668,,,,168567
170782,Alejandro Romero Gamarra,3,399,,,,170782
172758,Taylor Peay,2,1899,,,,172758
172981,Auro Alvaro da Cruz Junior,2,2077,,,,172981
179062,Eduardo Sosa,3,454,,,,179062
179298,Andy Polo,3,1581,,,,179298
181958,Julio Cascante,2,1581,,,,181958
184468,Luis Lopez,1,11690,,,,184468
186074,Emrah Klimenta,2,1230,,,,186074
186679,Joel Qwiberg,2,1131,,,,186679
193891,Franco Escobar,2,11091,,,,193891
196287,Alejandro Fuenmayor,2,1897,,,,196287
197421,Tomas Hilliard-Arce,2,1230,,,,197421
197422,Corey Baird,4,1899,,,,197422
198533,Justin Fiddes,2,1708,,,,198533
198572,Foster Langsdorf,4,1581,,,,198572
198884,Memo Rodriguez,3,1897,,,,198884
200190,Graham Smith,2,421,,,,200190
200735,Mo Adams,3,1207,,,,200735
200786,Eric Calvillo,3,1131,,,,200786
200844,Emiliano Amor,2,421,,,,200844
201053,Jeisson Vargas,3,1616,,,,201053
201397,Anthony Fontana,3,5513,,,,201397
201401,Mark McKenzie,2,5513,,,,201401
201405,Matthew Real,2,5513,,,,201405
202198,Nick Besler,3,1899,,,,202198
203996,Luiz Fernando,3,6977,,,,203996
204261,Ben Mines,3,399,,,,204261
204568,Anthony Blondell,4,1708,,,,204568
204843,Modou Jadama,2,1581,,,,204843
205285,Joseph Mora,2,1326,,,,205285
205867,Charlie Lyon,1,11690,,,,205867
209818,Jeff Caldwell,1,9668,,,,209818
210151,Deklan Wynne,2,436,,,,210151
210475,Ulises Segura,3,1326,,,,210475
210841,Adam Grinwis,1,6900,,,,210841
212993,Amro Tarek,2,6900,,,,212993
215474,Ayo Akinola,4,2077,,,,215474
217784,Cristhian Paredes,3,1581,,,,217784
217788,Josue Colman,3,6900,,,,217788
218539,Pablo Ruiz,3,1899,,,,218539
219527,Luis Alberto Caicedo,3,928,,,,219527
220205,Jaylin Lindsey,2,421,,,,220205
220458,Jordan McCrary,2,3500,,,,220458
220470,Connor Sparrow,1,1899,,,,220470
222820,Milton Valenzuela,2,454,,,,222820
223215,Luis Felipe,3,1131,,,,223215
223234,Isaac Angking,3,928,,,,223234
223256,Diego Rossi,4,11690,,,,223256
224382,Brandon Servania,3,1903,,,,224382
224430,Efrain Alvarez,3,1230,,,,224430
224823,Sam Vines,2,436,,,,224823
225030,Santiago Mosquera,3,1903,,,,225030
225053,James Pantemis,1,1616,,,,225053
225054,Thomas Meilleur-Giguere,2,1616,,,,225054
225061,Liam Fraser,3,2077,,,,225061
226311,Jon Bakero,4,1207,,,,226311
226384,JT Marcinkowski,1,1131,,,,226384
226898,Nicolas Samayoa,2,928,,,,226898
226917,Gordon Wild,4,11091,,,,226917
227123,Cory Burke,4,5513,,,,227123
227731,Mark-Anthony Kaye,3,11690,,,,227731
231969,Ezequiel Barco,3,11091,,,,231969
232071,Yeferson Quintana,2,1131,,,,232071
232262,James Murphy,3,11690,,,,232262
232274,Eduard Atuesta,3,11690,,,,232274
234193,Grant Lillard,2,1207,,,,234193
234342,Mark Segbers,2,928,,,,234342
234345,Chris Mueller,3,6900,,,,234345
234384,Francis Atuahene,4,1903,,,,234384
234420,Eryk Williamson,3,1581,,,,234420
234585,Justin Vom Steeg,1,1230,,,,234585
234618,Jon Gallagher,4,11091,,,,234618
234764,Ken Krolicki,3,1616,,,,234764
240899,Florian Valot,3,399,,,,240899
243974,Handwalla Bwana,3,3500,,,,243974
244120,Myer Bevan,4,1708,,,,244120
244696,Kevin Politz,2,399,,,,244696
244768,Cam Lindley,3,6900,,,,244768
244781,Jordan Cano,2,1903,,,,244781
244879,Kris Reaves,2,1903,,,,244879
244899,Kyle Duncan,2,399,,,,244899
245009,Chris Wehan,3,1131,,,,245009
247683,David Norman Jr.,3,1708,,,,247683
248022,Aaron Herrera,2,1899,,,,248022
249164,Mason Toye,4,6977,,,,249164
249242,Lagos Kunga,3,11091,,,,249242
249537,Niki Jackson,4,436,,,,249537
250290,Rodrigo Pacheco,4,11690,,,,250290
422426,Monday Etim,4,11690,,,,422426
422516,Patrick Okonkwo,4,11091,,,,422516
422981,Luis Argudo,3,454,,,,422981
423123,Tristan Blackmon,2,11690,,,,423123
423237,Elliot Collier,4,1207,,,,423237
423406,Eric Dick,1,421,,,,423406
423551,Danny Musovski,4,1131,,,,423551
423568,Alex Roldan,3,3500,,,,423568
424995,Shaft Brewer Jr.,3,11690,,,,424995
426106,Jacob Akanyirige,2,1131,,,,426106
426120,Gilbert Fuentes,3,1131,,,,426120
426771,George Bello,2,11091,,,,426771
427168,Gianluca Busio,4,421,,,,427168
427426,Joe Scally,2,9668,,,,427426
434529,Frantz Pangop,3,6977,,,,434529
442431,Brandon Bye,2,928,,,,442431
442443,Matt Lewis,2,421,,,,442443
442446,Ben Lundgaard,1,454,,,,442446
442451,Wyatt Omsberg,2,6977,,,,442451
442461,Carter Manley,2,6977,,,,442461
442472,Mac Steeves,4,1897,,,,442472
442476,Mohamed Thiaw,4,1131,,,,442476
443002,Joao Moutinho,2,11690,,,,443002
443009,Ema Twumasi,3,1903,,,,443009
443433,Jason Beaulieu,1,1616,,,,443433
443516,Luis Argudo,3,454,,,,443516
443517,Diego Campos,3,1207,,,,443517
443538,Edward Opoku,3,454,,,,443538
444142,Zach Wright,4,421,,,,444142
445788,Bertrand Owundi Eko'o,2,6977,,,,445788
446090,Cristian Casseres Jr.,3,399,,,,446090
,,,,1,Jorge Rodrigo Bava,1,1
,,,,4,Patrick Doody,2,4
,,,,5,Michael Harrington,2,5
,,,,7,Joao Meira,2,7
,,,,11,Collin Fernandez,3,11
,,,,12,John Goossens,3,12
,,,,13,Vitor Gomes Pereira Junior,3,13
,,,,18,David Arshakyan,4,18
,,,,19,Joey Calistri,4,19
,,,,25,John Berner,1,25
,,,,29,Bobby Burling,2,29
,,,,30,Dennis Castillo,2,30
,,,,35,Mekeil Williams,2,35
,,,,47,Kevin Doyle,4,47
,,,,55,Nicolai Naess,2,55
,,,,60,Dilly Duka,3,60
,,,,64,Marshall Hollingsworth,3,64
,,,,68,Rodrigo Saravia,3,68
,,,,69,Ben Swanson,3,69
,,,,72,Abuchi Obinwa,3,72
,,,,75,Bill Hamid,1,75
,,,,76,Charlie Horton,1,76
,,,,77,Eric Klenofsky,1,77
,,,,80,Bobby Boswell,2,80
,,,,87,Julian Buescher,3,87
,,,,93,Patrick Nyarko,3,93
,,,,94,Chris Rolfe,3,94
,,,,95,Lloyd Sam,3,95
,,,,96,Marcelo Sarvas,3,96
,,,,97,Rob Vincent,3,97
,,,,98,Sebastien Le Toux,3,98
,,,,99,Alhaji Kamara,4,99
,,,,101,Jose Guillermo Ortiz,4,101
,,,,105,Anibal Chala,2,105
,,,,107,Aaron Guillen,2,107
,,,,108,Atiba Harris,2,108
,,,,113,Coy Craft,3,113
,,,,119,Javier Morales,3,119
,,,,129,Tyler Deric,1,129
,,,,131,Agustin Garcia,2,131
,,,,137,Alexandre Monteiro De Lima,3,137
,,,,142,Jose Escalante,3,142
,,,,143,Christian Lucatero,3,143
,,,,148,Erick Torres,4,148
,,,,149,Vicente Sanchez,4,149
,,,,151,Maxime Crepeau,1,151
,,,,152,Eric Kronberg,1,152
,,,,154,Hassoun Camara,2,154
,,,,158,Wandrille Lefevre,2,158
,,,,159,Ambroise Oyongo,2,159
,,,,161,Hernan Bernardello,3,161
,,,,162,Patrice Bernier,3,162
,,,,167,Andres Romero,3,167
,,,,169,Ballou Jean-Yves Tabla,3,169
,,,,176,Dan Kennedy,1,176
,,,,180,Robbie Rogers,2,180
,,,,183,Jelle Van Damme,2,183
,,,,184,Rafael Garcia,3,184
,,,,187,Jermaine Jones,3,187
,,,,195,Raul Mendiola,4,195
,,,,203,Donald Smith,2,203
,,,,205,Je-Vaughn Watson,2,205
,,,,206,London Woodberry,2,206
,,,,207,Benjamin Angoua,2,207
,,,,213,Daigo Kobayashi,3,213
,,,,214,Xavier Kouassi,3,214
,,,,220,Eirik Johansen,1,220
,,,,226,Shannon Gomez,2,226
,,,,228,Ethan White,2,228
,,,,230,Miguel Camargo,3,230
,,,,231,Mix Diskerud,3,231
,,,,232,Jack Harrison,3,232
,,,,233,Mikey Lopez,3,233
,,,,235,Andrea Pirlo,3,235
,,,,237,Sean Okoli,4,237
,,,,243,Rafael Diaz,1,243
,,,,246,Gideon Baah,2,246
,,,,247,Justin Bilyeu,2,247
,,,,252,Damien Perrinelle,2,252
,,,,258,Zeiko Lewis,3,258
,,,,259,Dan Metzger,3,259
,,,,262,Arun Basuljevic,3,262
,,,,263,Brandon Allen,4,263
,,,,264,Gonzalo Veron,4,264
,,,,270,Josh Saunders,1,270
,,,,272,Kevin Alston,2,272
,,,,273,Conor Donovan,2,273
,,,,274,Devron Garcia,2,274
,,,,275,Seb Hines,2,275
,,,,276,David Mateos,2,276
,,,,286,Kaka,3,286
,,,,288,Antonio Nocerino,3,288
,,,,289,Matias Perez Garcia,3,289
,,,,293,Hadji Barry,4,293
,,,,295,Bryan Rochez,4,295
,,,,302,Ken Tribbett,2,302
,,,,304,Giliano Wijnaldum,2,304
,,,,306,Roland Alberg,3,306
,,,,309,Brian Carroll,3,309
,,,,312,Maurice Edu,3,312
,,,,315,Charlie Davies,4,315
,,,,319,Oguchi Onyewu,2,319
,,,,328,Amobi Okugo,2,328
,,,,339,Ben Zemanski,3,339
,,,,344,Jack McInerney,4,344
,,,,345,Lucas Melano,4,345
,,,,346,Lalo Fernandez,1,346
,,,,348,Matt Van Oekel,1,348
,,,,354,Chris Wingert,2,354
,,,,360,Omar Holness,3,360
,,,,368,Ricardo Velazco,4,368
,,,,369,Chad Barrett,4,369
,,,,372,Victor Bernardez,2,372
,,,,374,Shaun Francis,2,374
,,,,375,Andres Imperiale,2,375
,,,,377,Marvell Wynne,2,377
,,,,378,Kofi Sarkodie,2,378
,,,,381,Cordell Cato,3,381
,,,,385,Marc Pelosi,3,385
,,,,387,Matheus Silva,3,387
,,,,399,Joevin Jones,2,399
,,,,404,Alvaro Fernandez,3,404
,,,,413,Victor Mansaray,4,413
,,,,422,Igor Juliao,2,422
,,,,425,Erik Palmer-Brown,2,425
,,,,426,Tyler Pasher,2,426
,,,,431,Benji Joya,3,431
,,,,432,Soni Mustivar,3,432
,,,,438,Cameron Iwasa,4,438
,,,,439,Cameron Porter,4,439
,,,,442,Christian Volesky,4,442
,,,,446,Brandon Aubrey,2,446
,,,,454,Sergio Camargo,3,454
,,,,456,Armando Cooper,3,456
,,,,458,Tsubasa Endoh,3,458
,,,,461,Mo Babouli,4,461
,,,,468,Paolo Tornaghi,1,468
,,,,472,David Edgar,2,472
,,,,476,Sheanon Williams,2,476
,,,,477,Cole Seiler,2,477
,,,,479,Christian Bolanos,3,479
,,,,480,Marco Bustos,3,480
,,,,483,Andrew Jacobson,3,483
,,,,484,Matias Laba,3,484
,,,,485,Ben McKendry,3,485
,,,,490,Giles Barnes,4,490
,,,,491,Kyle Greig,4,491
,,,,492,Kekuta Manneh,4,492
,,,,494,Alexander Tambakis,1,494
,,,,496,Mark Bloom,2,496
,,,,498,Zach Loyd,2,498
,,,,513,Kenwyne Jones,4,513
,,,,514,Jeffrey Otoo,4,514
,,,,518,Anton Walkes,2,518
,,,,520,John Alvbage,1,520
,,,,522,Justin Davis,2,522
,,,,524,Joseph Greenspan,2,524
,,,,526,Kevin Venegas,2,526
,,,,527,Jermaine Taylor,2,527
,,,,531,Mohammed Saied,3,531
,,,,532,Johan Venegas,3,532
,,,,533,Bernardo Anor,3,533
,,,,540,Benoit Cheyrou,3,540
,,,,548,Carlos Carmona,3,548
,,,,551,Hernan Grana,2,551
,,,,552,Carlos Cermeno,3,552
,,,,553,Bashkim Kadrii,3,553
,,,,560,Fredy Montero,4,560
,,,,561,Joshua Gatt,3,561
,,,,565,Walker Hume,2,565
,,,,568,John Stertzer,3,568
,,,,572,Adrian Arregui,3,572
,,,,575,Matej Dekovic,2,575
,,,,577,Aaron Jones,2,577
,,,,580,Mauro Rosales,3,580
,,,,581,Kyle Reynish,1,581
,,,,582,Taylor Hunter,2,582
,,,,583,Joseph Holland,3,583
,,,,584,Jose Rodriguez,3,584
,,,,586,Bradley Diallo,2,586
,,,,588,Joshua Smith,2,588
,,,,589,Maxim Tissot,2,589
,,,,591,Nathan Smith,2,591
,,,,593,Justin Schmidt,2,593
,,,,594,Reagan Dunk,2,594
,,,,598,Jaime Villarreal,3,598
,,,,600,Ismaila Jome,3,600
,,,,601,Danny Deakin,3,601
,,,,602,Moussa Sane,4,602
,,,,603,Fredrik Gulbrandsen,4,603
,,,,605,Johan Brunell,2,605
,,,,609,Oyvind Alseth,2,609
,,,,610,Jason Hernandez,2,610
,,,,611,Mark Pais,1,611
,,,,613,Luis Gil,3,613
,,,,614,Leonardo Pereira,2,614
,,,,615,Chris Korb,2,615
,,,,616,Blerim Dzemaili,3,616
,,,,620,Lindo Mfeka,3,620
,,,,621,Jacob Lissek,1,621
,,,,622,Gershon Koffie,3,622
,,,,624,Deshorn Brown,4,624
,,,,628,Pele van Anholt,2,628
,,,,641,Deian Boldor,2,641
,,,,651,Luis Gonzalez,3,651
,,,,665,Andraz Struna,2,665
,,,,667,Kevin Renato Fortes Oliveira,3,667
,,,,670,Emmanuel Igiebor,3,670
