2018_player_id,2018_player_name,2018_position_id,2018_team_id,2017_player_id,2017_position_id
3785,Ashley Cole,2,1230,179,2
8859,Marco Donadel,3,1616,164,3
12780,Tyrone Mears,2,6977,502,2
12875,DaMarcus Beasley,2,1897,556,2
13356,Rod Fanni,2,1616,,
14278,Liam Ridgewell,2,1581,330,2
15208,Bastian Schweinsteiger,3,1207,608,3
15310,Nick Rimando,1,1899,347,1
15337,Tim Howard,1,436,26,1
15517,Kyle Beckerman,3,1899,358,3
16854,Philippe Senderos,2,1897,652,2
17279,David Villa,4,9668,239,4
18005,Jonathan Spector,2,6900,281,2
18529,Reto Ziegler,2,1903,,
18681,Roland Lamah,3,1903,118,3
18770,Bradley Wright-Phillips,4,399,265,4
19825,Ibson Barreto da Silva,3,6977,529,3
20226,Clint Dempsey,4,3500,412,4
20491,Chris McCann,3,11091,511,3
20525,Benny Feilhaber,3,11690,429,3
20962,Zoltan Stieber,3,1326,650,4
22820,Milton Valenzuela,2,454,,
222820,Milton Valenzuela,2,454,,
27058,Francois Affolter,2,1131,645,2
27678,Scott Sutter,2,6900,592,2
28188,Haris Medunjanin,3,5513,545,3
28580,Lee Nguyen,3,928,215,3
33808,Chad Marshall,2,3500,400,2
33823,Ricardo Clark,3,454,141,3
33900,Cristian Casseres Jr.,3,399,,
446090,Cristian Casseres Jr.,3,399,,
34160,Roman Torres,2,3500,401,2
34285,Maynor Figueroa,2,1903,106,2
34361,Roy Miller,2,1581,326,2
37368,Michael Bradley,3,2077,,
37740,Michael Ciani,2,1230,666,2
37996,Ignacio Piatti,3,1616,166,3
38099,Stefan Aigner,3,436,646,3
38401,Carlos Vela,4,11690,,
39226,Marcel de Jong,2,1708,470,2
39276,Will Johnson,3,6900,285,3
39976,Jay Simpson,4,5513,318,4
40275,Giovani dos Santos,4,1230,191,4
40283,Sebastian Giovinco,4,2077,462,4
40497,Yannick Boli,4,436,,
40798,Gregory van der Wiel,2,2077,,
41004,Larrys Mabiala,2,1581,,
41210,Luis Robles,1,399,242,1
41393,Jahmir Hyka,3,1131,547,3
41487,Brad Evans,2,421,397,2
41492,Marc Burch,2,6977,28,2
41493,Kei Kamara,4,1708,218,4
41535,Yura Movsisyan,4,1899,365,4
41551,Jeff Larentowicz,3,11091,510,3
41552,Michael Parkhurst,2,11091,499,2
41556,Brad Knighton,1,928,199,1
41574,Jozy Altidore,4,2077,460,4
41599,Jordan Harvey,2,11690,473,2
41605,Jacob Peterson,4,11091,512,3
41625,Arturo Alvarez,3,1897,9,3
41626,Dax McCarty,3,1207,14,3
41627,Drew Moor,2,2077,449,2
41633,Dominic Oduro,4,1616,173,4
41647,Chris Wondolowski,4,1131,391,4
41667,Alan Gordon,4,1207,46,4
41679,Chris Seitz,1,1897,103,1
41703,Sacha Kljestan,3,6900,257,3
41705,Brad Guzan,1,11091,625,1
41921,Shkelzen Gashi,3,436,45,4
42453,Johnny Russell,3,421,,
42512,Krisztian Nemeth,3,928,660,4
42584,Laurent Ciman,2,11690,155,2
43684,Sunday Stephen,3,1899,363,3
44871,Rolf Feltscher,2,1230,,
45099,Tommy Smith,2,436,,
45120,Ilson Pereira,3,5513,,
45122,Sal Zizzo,2,11091,251,2
45269,Claude Dielna,2,928,642,2
45959,Aurelien Collin,2,399,248,2
47627,Demar Phillips,2,1899,352,2
47681,Federico Higuain,3,454,63,3
48759,Simon Dawkins,3,1131,383,3
49438,Jordon Mutch,3,1708,,
49483,Harrison Afful,2,454,51,2
49841,Victor Vazquez,3,2077,571,3
49876,Vadim Demidov,2,6977,523,2
50051,Caleb Patterson-Sewell,1,2077,,
50067,Brek Shea,2,1708,292,3
50081,Shea Salinas,2,1131,386,3
50102,Chance Myers,2,1581,327,2
50105,Roger Espinoza,3,421,428,3
50122,Sean Franklin,2,1708,81,2
50136,Tony Beltran,2,1899,349,2
50143,David Horst,2,1899,355,2
51133,Chris Tierney,2,928,204,2
51774,Gustav Svensson,3,3500,415,3
51937,Florian Jungwirth,3,1131,544,2
52629,David Ousted,1,1326,466,1
53477,Edgar Castillo,2,436,,
53526,Efrain Juarez,3,1708,,
54862,Vytautas Andriuskevicius,2,1581,332,2
54916,Jared Jeffrey,3,1326,91,3
54980,Danny Hoesen,3,1131,543,4
55209,Boniek Garcia,3,1897,140,3
55758,Ola Kamara,4,1230,74,4
55817,Diego Valeri,3,1581,338,3
55820,Sebastian Blanco,3,1581,541,3
55831,Maximiliano Moralez,3,9668,559,3
56812,Felipe Martins,3,1708,255,3
56949,Mauro Diaz,3,1903,114,3
57876,Maxime Chanot,2,9668,225,2
58634,Kelvin Leerdam,2,3500,635,2
59059,Alfredo Ortuno,4,1899,,
59848,Mike Grella,3,454,256,3
60032,Jerome Thiesson,2,6977,566,2
60132,Baggio Husidic,3,1230,185,3
60152,Chris Pontius,3,1230,314,3
60153,Rodney Wallace,3,9668,562,3
60207,Matt Besler,2,421,420,2
60210,Graham Zusi,2,421,435,3
60214,A.J. DeLaGarza,2,1897,,
60225,Quincy Amarikwa,4,1131,390,4
60235,Sam Cronin,3,6977,37,3
60238,Stefan Frei,1,3500,393,1
60244,Osvaldo Alonso,3,3500,403,3
60318,Dom Dwyer,4,6900,437,4
60490,Danny Wilson,2,436,,
60536,Dejan Jakovic,2,11690,,
60716,Gaston Sauro,2,454,57,2
60906,Lamine Sane,2,6900,,
61090,Andrew Dykstra,1,436,416,1
61770,Alejandro Bedoya,3,5513,308,3
61934,Jo Inge Berget,4,9668,,
61993,Muhamed Keita,3,399,643,3
62535,Jukka Raitala,2,1616,56,2
62839,Tosaint Ricketts,4,2077,464,4
63800,Jorgen Skjelvik,2,1230,,
63954,Rasmus Schuller,3,6977,534,3
66238,Michael de Leeuw,4,1207,20,4
66244,Samuel Armenteros,4,1581,,
66284,Anton Tinnerholm,2,9668,,
66553,Magnus Eriksson,3,1131,,
66857,Kevin Kratz,3,11091,509,3
66905,Jonathan Mensah,2,454,54,2
67704,Antonio Delamea,2,928,,
68259,Chris Mavinga,2,2077,465,2
68431,Damir Kreilach,3,1899,,
68571,Lamar Neagle,3,3500,92,3
69194,Borek Dockal,3,5513,,
72775,Stefan Marinovic,1,1708,638,1
73442,Joe Mason,4,436,,
76688,Jonathan dos Santos,3,1230,640,3
77521,Bobby Shuttleworth,1,6977,200,1
77755,Marcos Urena,4,11690,392,4
77756,David Guzman,3,1581,340,3
77952,Kevin Molino,3,6977,535,3
77992,Nicolas Lodeiro,3,3500,406,3
77994,Marcelo Silva,2,1899,,
78008,Magnus Eikrem,3,3500,,
78013,Sean Johnson,1,9668,221,1
78015,Dillon Powers,3,6900,40,3
78019,Aaron Maund,2,1708,351,2
78023,Ike Opara,2,421,424,2
82064,Nemanja Nikolic,4,1207,21,4
82516,Tony Tchani,3,1207,70,3
82518,Eric Alexander,3,1897,138,3
82519,Jose Leonardo Ribeiro da Silva,2,1897,134,2
82524,Teal Bunbury,3,928,209,3
82526,Seth Sinovic,2,421,427,2
82752,Saphir Taider,3,1616,,
82845,Steven Beitashour,2,11690,447,2
83005,Aleksandar Katai,3,1207,,
83055,Aleksandar Katai,3,1207,,
83065,Justin Morrow,2,2077,451,2
83072,Collen Warner,3,6977,536,3
83378,Chris Schuler,2,6900,353,2
83725,Felipe Gutierrez,3,421,,
83905,Juan Agudelo,4,928,217,4
84481,Albert Rusnak,3,1899,362,3
84752,Daniel Royer,3,399,261,3
84760,Marc Rzatkowksi,3,399,,
85682,Zakaria Diallo,2,1616,,
86140,Romain Alessandrini,3,1230,197,3
86155,Ilie Sanchez,3,421,434,3
86898,Johan Kappelhof,2,1207,6,2
86938,Tim Melia,1,421,417,1
87984,Nicolas Mezquida,3,1708,486,3
88147,Nicolas Hasler,2,2077,637,2
88460,Alex Horwath,1,1899,,
88534,Sebastian Lletget,3,1230,188,3
88812,Doneil Henry,2,1708,,
88909,Alexander Ring,3,9668,240,3
88940,Valeri Qazaishvili,3,1131,,
90644,Jon Kempin,1,454,599,1
90764,Cristian Lobato,3,421,636,3
91373,Victor Rodriguez,3,3500,656,3
92202,Pedro Santos,3,454,,
92437,Russell Teibert,3,1708,488,3
94305,Jeff Attinella,1,1581,320,1
94368,Justin Meram,3,6900,67,3
94479,Josh Williams,2,454,58,2
94932,David Bingham,1,1230,370,1
94934,Hector Jimenez,2,454,65,3
95186,Fanendo Adi,4,1581,341,4
95228,Jalil Anibaba,2,928,132,2
95236,Zarek Valentin,2,1581,331,2
95259,Servando Carrasco,3,1230,282,3
95261,Darlington Nagbe,3,11091,337,3
95272,Will Bruin,4,3500,411,4
95276,Zac MacMath,1,436,27,1
95277,Perry Kitchen,3,1230,,
95278,Joao Plata,3,1899,366,4
95280,Victor Ulloa,3,1903,121,3
95281,Brian Sylvestre,1,1230,,
95284,Diego Fagundez,3,928,211,3
95287,Jack McBean,4,436,194,4
95297,Jake Gleeson,1,1581,321,1
95298,Richard Sanchez,1,1207,663,1
95309,Joe Willis,1,1897,130,1
95320,Kevin Ellis,2,1207,421,2
95321,C.J. Sapong,4,5513,,
95330,Michael Boxall,2,6977,629,2
95545,Mohammed Abu,3,454,59,3
95611,Joe Bendik,1,6900,267,1
95630,Ashtone Morgan,2,2077,450,2
95778,Jimmy Maurer,1,1903,,
95780,Leandro Gonzalez Pirez,2,11091,501,2
96201,Donny Toia,2,6900,280,2
96622,Diego Chara,3,1581,336,3
97016,Shawn Barry,2,1899,,
97607,Maximiliano Urruti,4,1903,125,4
98898,Yoshi Yotun,3,6900,,
98925,Andres Flores,3,1581,,
99103,Harold Cummings,2,1131,379,2
99108,Adolfo Machado,2,1897,135,2
99117,Anibal Godoy,3,1131,384,3
99122,Francisco Calvo,2,6977,521,2
101135,Cody Cropper,1,928,198,1
101172,Soony Saad,4,421,443,4
102208,Diego Rubio,4,421,440,4
102456,Oriol Rosell,3,6900,,
102626,Clement Diop,1,1616,175,1
102921,Bernie Ibini,3,1708,,
103903,Adam Henley,2,1899,,
104369,Yohan Croizet,3,421,,
105713,Wilfried Zahibo,3,928,,
106519,Lawrence Olum,3,1581,433,3
107672,Bryan Meredith,1,3500,394,1
107978,Johan Blomberg,3,436,,
109275,Evan Bush,1,1616,150,1
109320,Gerso Fernandes,4,421,430,3
109699,Connor Lade,2,399,249,2
110118,Matt Lampson,1,6977,2,1
110209,Greg Garza,2,11091,497,2
110557,RJ Allen,2,6900,223,2
110575,Warren Creavalle,3,5513,310,3
110580,Nick DeLeon,2,1326,88,3
110583,Ethan Finlay,3,6977,61,3
110592,Matt Hedges,2,1903,109,2
110596,Miguel Ibarra,3,6977,528,3
110606,Calum Mallace,3,11690,165,3
110607,Enzo Martinez,3,436,,
110608,Darren Mattocks,4,1326,343,4
110609,Ryan Meara,1,399,241,1
110619,Kelyn Rowe,3,928,216,3
110620,Brian Rowe,1,1708,177,1
110624,Luis Silva,4,1899,364,3
110633,Andrew Wenger,3,1897,144,3
110954,Mohamed El-Munir,2,6900,,
110974,Raymon Gaddis,2,5513,299,2
111473,Daniel Steres,2,1230,182,2
111536,Kevin Garcia,2,1897,590,2
111686,Josef Martinez,4,11091,542,4
111806,Steve Clark,1,1326,662,1
112134,Jack Barmby,3,1581,335,3
112264,Jose Villarreal,3,6900,189,3
112998,Jay Chapman,3,2077,455,3
113002,Jordan Hamilton,4,2077,463,4
113367,Gbenga Arokoyo,2,11091,323,2
113757,Patrick McLain,1,1207,519,1
114041,Jack Price,3,436,,
114101,Oliver Shannon,3,11091,,
114236,Gabriel Somi,2,928,,
114579,Marky Delgado,3,2077,457,3
116185,Bismark Adjei-Boateng,3,436,42,3
116656,Taylor Kemp,2,1326,82,2
116661,Patrick Mullins,4,1326,100,4
116957,Mitch Hildebrandt,1,11091,,
117330,Jorge Corrales,2,1207,668,2
117549,Darwin Ceren,3,1897,382,3
118738,Clint Irwin,1,2077,445,1
119491,James Musa,3,421,659,3
119575,Romell Quioto,4,1897,147,4
120022,Omar Gaber,2,11690,,
120760,Alejandro Silva,3,1616,,
120764,Kim Kee-Hee,2,3500,,
121000,Frederic Brillant,2,1326,224,2
121332,Waylon Francis,2,3500,53,2
122828,Hector Villalba,4,11091,516,4
123657,Anton Nedyalkov,2,1903,,
126174,David Accam,3,5513,17,4
126206,Eric Bird,3,1897,,
127541,Keegan Rosenberry,2,5513,301,2
129430,Steve Birnbaum,2,1326,79,2
129440,Christian Dean,2,1207,471,2
129443,Stefano Bonomo,3,399,,
130049,Earl Edwards Jr.,1,6900,268,1
130056,Ryan Hollingshead,2,1903,117,3
131371,Sebastien Ibeagha,2,9668,,
131372,Sean Davis,3,399,253,3
131376,Zach Mathers,3,3500,596,3
131824,Kyle Fisher,2,1616,157,2
131833,Jared Watts,2,436,34,2
131839,Jalen Robinson,2,1326,85,2
131840,Chris Duvall,2,1616,156,2
131841,Collin Martin,3,6977,530,3
132000,Fabio Alves,2,5513,298,2
132113,Nick Hagglund,2,2077,448,2
132134,Sam Nicholson,3,6977,630,3
133042,Jonathan Campbell,2,1207,3,2
133584,Kharlton Belmar,4,421,669,4
135297,Mikey Ambrose,2,11091,495,2
138020,Mike da Fonte,2,436,606,2
147744,Carlos Gruezo,3,1903,115,3
148707,Amando Moreno,4,399,,
148995,Wil Trapp,3,454,,
149231,Junior Moreno,3,1326,,
149359,Gyasi Zardes,4,454,196,4
149528,Kellyn Acosta,3,1903,111,3
149669,Juan David Cabezas,3,1897,139,3
149674,Cristian Higuita,3,6900,284,3
149675,Dairon Asprilla,3,1581,334,3
150711,Aly Ghazal,3,1708,661,3
151933,Walker Zimmerman,2,11690,110,2
151935,Kofi Opare,2,1326,84,2
151939,Brad Stuver,1,9668,49,1
151940,Andrew Farrell,2,928,202,2
151949,Eriq Zavaleta,2,2077,452,2
151950,Dylan Remick,2,1897,136,2
151953,Erik Hurtado,4,1708,482,3
151954,Dillon Serna,3,436,41,3
151955,Scott Caldwell,3,928,210,3
152151,Luis Solignac,3,1207,22,4
152253,Adam Jahn,4,454,73,4
152268,Kyle Zobeck,1,1903,,
152278,Stefano Pinho,4,6900,,
152577,Cristian Techera,3,1708,487,3
153016,Matteo Mancosu,4,1616,172,4
153082,Cristian Penilla,4,928,,
153264,Alvas Powell,2,1581,329,2
153390,Ismael Tajouri,4,9668,,
153399,Tomas Martinez,3,1897,626,3
153453,Luke Mulholland,3,1899,361,3
153647,Jonathan Osorio,3,2077,,
154528,Charlie Ward,3,1897,627,3
156787,Yordy Reyna,3,1708,489,3
156919,Alec Kann,1,11091,493,1
157489,Jesse Gonzalez,1,1903,102,1
159537,Ager Aketxe,3,2077,,
159561,Yamil Asad,3,1326,504,3
159710,Alexander Callens,2,9668,229,2
159716,Joao Pedro Almeida Machado,3,1230,186,3
160529,Harrison Heath,3,6977,508,3
163042,Micheal Azira,3,436,,
163044,Dane Kelly,4,1326,,
163397,Christian Ramirez,4,6977,539,4
163482,Fatai Alashe,3,1131,380,3
163484,Alex Bono,1,2077,444,1
163523,Jimmy Ockford,2,1131,,
163529,Ben Sweat,2,9668,573,2
163541,Aaron Long,2,399,574,2
163565,John McCarthy,1,5513,297,1
163906,Andre Blake,1,5513,296,1
164479,Kendall McIntosh,1,1581,322,1
164480,Eric Miller,2,436,32,2
164484,Zack Steffen,1,454,48,1
164489,Ebenezer Ofori,3,9668,,
165072,Jordy Delem,3,3500,595,3
165096,Michael Salazar,3,1616,174,4
166317,Caleb Calvert,4,436,44,4
166921,Paul Arriola,3,1326,657,3
167227,Jesus Medina,3,9668,,
167890,Michael Petrasso,2,1616,,
168365,Emmanuel Boateng,3,1230,190,4
168567,Cedric Hountondji,2,9668,,
169013,Jimmy Medranda,3,421,423,2
170148,Ben Spencer,4,2077,619,4
170782,Alejandro Romero Gamarra,3,399,,
170827,Kemar Lawrence,2,399,250,2
170843,Victor Giro,2,6900,277,2
172474,Brandon Vincent,2,1207,8,2
172482,Aaron Kovar,3,11690,405,3
172483,Jordan Morris,4,3500,414,4
172518,Nick DePuy,4,1616,170,4
172758,Taylor Peay,2,1899,,
172761,Spencer Richey,1,1708,467,1
172762,Cristian Roldan,3,3500,407,3
172981,Auro Alvaro da Cruz Junior,2,2077,,
173145,Alberth Elis,4,1897,145,4
173423,Jose Hernandez,2,11091,359,3
243978,Jose Hernandez,3,1899,359,3
173614,Matt Bersano,1,1131,607,1
174109,Nick Lima,2,1131,376,2
175077,Bill Tuiloma,3,1581,,
175337,Carlos Rivas,3,399,290,3
176403,Pierre Da Silva,4,6900,283,3
176416,Hugo Arellano,2,1230,178,2
177653,Michael Barrios,3,1903,112,3
177658,Mauro Manotas,4,1897,146,4
177928,Daniel Lovitz,2,1616,587,2
177930,Thomas McNamara,3,9668,234,3
177947,Tesho Akindele,4,1903,122,4
177954,Marlon Hairston,2,436,38,3
177976,Harry Shipp,3,3500,408,3
177978,Bradford Jamieson IV,4,1230,192,4
177980,Jordan Allen,3,1899,357,3
178000,Richie Marquez,2,5513,300,2
178211,Tommy Thompson,3,1131,388,3
178297,George Malki,2,1897,585,3
178386,Brooks Lennon,3,1899,549,4
179018,Miguel Almiron,3,11091,503,3
179062,Eduardo Sosa,3,454,,
179298,Andy Polo,3,1581,,
179384,Luciano Acosta,3,1326,86,3
179846,Victor Cabrera,2,1616,153,2
180233,Brian Wright,4,928,219,4
180593,Ronald Matarrita,2,9668,227,2
181013,Tommy Redding,2,399,279,2
181180,Rafael Ramos,2,1207,278,2
181958,Julio Cascante,2,1581,,
182906,Samuel Piette,3,1616,654,3
183390,Justen Glad,2,1899,350,2
184468,Luis Lopez,1,11690,,
184610,Anthony Jackson-Hamel,4,1616,171,4
185126,Cyle Larin,4,6900,294,4
186074,Emrah Klimenta,2,1230,,
186250,Brent Kallman,2,6977,525,2
186262,Romario Williams,4,11091,517,4
186535,Jake McGuire,1,5513,604,1
186679,Joel Qwiberg,2,1131,,
193891,Franco Escobar,2,11091,,
193906,Kendall Waston,2,1708,478,2
194187,Sebastian Saucedo,3,1899,367,4
196287,Alejandro Fuenmayor,2,1897,,
196666,Jefferson Savarino,4,1899,617,4
196762,Fafa Picault,3,5513,,
197011,Cristian Colman,4,1903,126,4
197038,Louis Beland-Goyette,3,1616,160,3
197421,Tomas Hilliard-Arce,2,1230,,
197422,Corey Baird,4,1899,,
197428,Matt Polster,2,1207,15,3
198532,Henry Wingo,3,3500,409,3
198533,Justin Fiddes,2,1708,,
198572,Foster Langsdorf,4,1581,,
198884,Memo Rodriguez,3,1897,,
198920,Seyi Adekoya,4,3500,410,4
200190,Graham Smith,2,421,,
200192,Khiry Shelton,4,421,238,4
200735,Mo Adams,3,1207,,
200785,Tyler Adams,3,399,245,3
200786,Eric Calvillo,3,1131,,
200844,Emiliano Amor,2,421,,
201031,Jose Aja,2,1708,271,2
201053,Jeisson Vargas,3,1616,,
201397,Anthony Fontana,3,5513,,
201401,Mark McKenzie,2,5513,,
201405,Matthew Real,2,5513,,
201410,Auston Trusty,2,5513,303,2
202192,Joshua Yaro,2,5513,305,2
202195,Abu Danladi,4,6977,537,4
202198,Nick Besler,3,1899,,
202356,Tim Parker,2,399,475,2
202361,Tyler Miller,1,11690,395,1
202376,Dominique Badji,4,436,43,4
202378,Oniel Fisher,2,1326,398,2
202402,Saad Abdul-Salaam,2,9668,419,2
202407,Axel Sjoberg,2,436,33,2
203480,Eric Ayuk,3,5513,307,3
203996,Luiz Fernando,3,6977,,
204261,Ben Mines,3,399,,
204399,Fidel Escobar,2,399,639,2
204401,Michael Murillo,2,399,,
204568,Anthony Blondell,4,1708,,
204843,Modou Jadama,2,1581,,
205285,Joseph Mora,2,1326,,
205343,Travis Worra,1,1326,78,1
205404,Deybi Flores,3,1708,481,3
205623,Victor Arboleda,3,1581,333,3
205867,Charlie Lyon,1,11690,,
209256,Zachary Herivaux,3,928,212,3
209818,Jeff Caldwell,1,9668,,
209819,Russell Canouse,3,1326,648,3
210151,Deklan Wynne,2,436,,
210475,Ulises Segura,3,1326,,
210476,Ariel Lassiter,4,1230,193,4
210841,Adam Grinwis,1,6900,,
211988,Chris Durkin,3,1326,,
212003,Calle Brown,1,3500,128,1
212020,Tony Rocha,3,6900,291,3
212993,Amro Tarek,2,6900,,
213213,Dave Romney,2,1230,181,2
213295,Jonathan Lewis,4,9668,236,4
213866,Daniel Salloi,3,421,441,4
213875,Adrian Zendejas,1,421,418,1
215471,James Sands,3,9668,631,2
215474,Ayo Akinola,4,2077,,
217784,Cristhian Paredes,3,1581,,
217788,Josue Colman,3,6900,,
218313,Brandon Vazquez,4,11091,515,4
218539,Pablo Ruiz,3,1899,,
219510,Mason Stajduhar,1,6900,269,1
219527,Luis Alberto Caicedo,3,928,,
220142,Andrew Carleton,3,11091,505,3
220147,Chris Goslin,3,11091,506,3
220205,Jaylin Lindsey,2,421,,
220450,Femi Hollinger-Janzen,4,928,538,4
220458,Jordan McCrary,2,3500,,
220470,Connor Sparrow,1,1899,,
220580,Drew Conner,3,1207,10,3
220752,Derrick Etienne Jr.,3,399,,
220753,Alex Muyl,3,399,260,3
220877,Danilo Acosta,2,1899,356,3
221252,Tony Alfaro,2,3500,396,2
221400,Andrew Tarbell,1,1131,371,1
221403,Richmond Laryea,3,6900,287,3
221475,Fabian Herbers,3,5513,316,4
221755,Kip Colvey,2,436,373,2
223215,Luis Felipe,3,1131,,
223234,Isaac Angking,3,928,,
223256,Diego Rossi,4,11690,,
223353,Bryan Reynolds,4,1903,124,4
224029,Andre Rawls,1,9668,222,1
224068,Matt Turner,1,928,201,1
224372,Jesus Ferreira,4,1903,123,4
224377,Paxton Pomykal,3,1903,120,3
224382,Brandon Servania,3,1903,,
224430,Efrain Alvarez,3,1230,,
224823,Sam Vines,2,436,,
225007,Bruno Miranda,4,1326,649,4
225030,Santiago Mosquera,3,1903,,
225053,James Pantemis,1,1616,,
225054,Thomas Meilleur-Giguere,2,1616,,
225059,Alphonso Davies,3,1708,469,2
225061,Liam Fraser,3,2077,,
225062,Shamit Shome,3,1616,168,3
225851,Andrew Wheeler-Omiunu,3,11091,555,3
226308,Ian Harkes,3,1326,90,3
226309,Jacori Hayes,3,1903,116,3
226311,Jon Bakero,4,1207,,
226384,JT Marcinkowski,1,1131,,
226541,Yangel Herrera,3,9668,567,3
226637,Cristian Martinez,3,454,66,3
226898,Nicolas Samayoa,2,928,,
226917,Gordon Wild,4,11091,,
227123,Cory Burke,4,5513,,
227232,Artur de Lima Junior,3,454,,
227731,Mark-Anthony Kaye,3,11690,,
227780,David Choiniere,3,1616,163,3
228605,Raheem Edwards,3,1616,597,4
230802,Derrick Jones,3,5513,311,3
231573,Brett Levis,2,1708,474,2
231772,Jose Leiton,3,6977,664,3
231969,Ezequiel Barco,3,11091,,
232071,Yeferson Quintana,2,1131,,
232262,James Murphy,3,11690,,
232274,Eduard Atuesta,3,11690,,
233807,Amer Didic,2,421,623,2
234193,Grant Lillard,2,1207,,
234251,Kortne Ford,2,436,31,2
234266,Sam Hamilton,3,436,612,3
234342,Mark Segbers,2,928,,
234345,Chris Mueller,3,6900,,
234377,Evan Louro,1,399,244,1
234384,Francis Atuahene,4,1903,,
234406,Alex Crognale,2,454,52,2
234420,Eryk Williamson,3,1581,,
234432,Chris Odoi-Atsem,2,1326,83,2
234585,Justin Vom Steeg,1,1230,,
234618,Jon Gallagher,4,11091,,
234725,Connor Maloney,2,454,564,2
234764,Ken Krolicki,3,1616,,
235290,Jeremy Ebobisse,4,1581,342,4
240899,Florian Valot,3,399,,
241500,Miles Robinson,2,11091,500,2
241724,Rennico Clarke,2,1581,324,2
242130,Marco Farfan,2,1581,325,2
242216,Vincent Bezecourt,3,399,658,3
243974,Handwalla Bwana,3,3500,,
244120,Myer Bevan,4,1708,,
244410,Nouhou Tolo,2,3500,402,2
244696,Kevin Politz,2,399,,
244768,Cam Lindley,3,6900,,
244781,Jordan Cano,2,1903,,
244879,Kris Reaves,2,1903,,
244899,Kyle Duncan,2,399,,
244927,Lalas Abubakar,2,454,50,2
244929,Kwame Awuah,3,9668,569,2
244988,Brandt Bronico,3,1207,576,3
244997,Julian Gressel,3,11091,507,3
244998,Niko Hansen,3,454,62,3
245005,Jake Nerwinski,2,1708,,
245008,Colton Storm,2,421,579,2
245009,Chris Wehan,3,1131,,
245012,Jack Elliott,2,5513,578,2
245013,Daniel Johnson,3,1207,23,3
245017,Stefan Cleveland,1,1207,24,1
245020,Marcus Epps,3,5513,550,3
245035,Reggie Cannon,2,1903,104,2
245504,Adonijah Reid,4,1903,127,4
245617,Ricardo Perez,3,436,39,3
245628,Jackson Yueill,3,1131,389,3
245764,Latif Blessing,4,11690,436,4
246808,Logan Ketterer,1,454,563,1
246809,Alex Kapp,1,6977,653,1
246874,Djordje Mihailovic,3,1207,16,3
247041,Hassan Ndam,2,399,266,2
247432,Adam Najem,3,5513,554,3
247683,David Norman Jr.,3,1708,,
248022,Aaron Herrera,2,1899,,
249164,Mason Toye,4,6977,,
249242,Lagos Kunga,3,11091,,
249537,Niki Jackson,4,436,,
250290,Rodrigo Pacheco,4,11690,,
422426,Monday Etim,4,11690,,
422516,Patrick Okonkwo,4,11091,,
422981,Luis Argudo,3,454,,
443516,Luis Argudo,3,454,,
423123,Tristan Blackmon,2,11690,,
423237,Elliot Collier,4,1207,,
423406,Eric Dick,1,421,,
423551,Danny Musovski,4,1131,,
423568,Alex Roldan,3,3500,,
424995,Shaft Brewer Jr.,3,11690,,
426106,Jacob Akanyirige,2,1131,,
426120,Gilbert Fuentes,3,1131,,
426771,George Bello,2,11091,,
427168,Gianluca Busio,4,421,,
427426,Joe Scally,2,9668,,
434529,Frantz Pangop,3,6977,,
442431,Brandon Bye,2,928,,
442443,Matt Lewis,2,421,,
442446,Ben Lundgaard,1,454,,
442451,Wyatt Omsberg,2,6977,,
442461,Carter Manley,2,6977,,
442472,Mac Steeves,4,1897,,
442476,Mohamed Thiaw,4,1131,,
443002,Joao Moutinho,2,11690,,
443009,Ema Twumasi,3,1903,,
443433,Jason Beaulieu,1,1616,,
443517,Diego Campos,3,1207,,
443538,Edward Opoku,3,454,,
444142,Zach Wright,4,421,,
445788,Bertrand Owundi Eko'o,2,6977,,
,Jorge Rodrigo Bava,,,1,1
,Patrick Doody,,,4,2
,Michael Harrington,,,5,2
,Joao Meira,,,7,2
,Collin Fernandez,,,11,3
,John Goossens,,,12,3
,Vitor Gomes Pereira Junior,,,13,3
,David Arshakyan,,,18,4
,Joey Calistri,,,19,4
,John Berner,,,25,1
,Bobby Burling,,,29,2
,Dennis Castillo,,,30,2
,Mekeil Williams,,,35,2
,Michael Azira,,,36,3
,Kevin Doyle,,,47,4
,Nicolai Naess,,,55,2
,Dilly Duka,,,60,3
,Marshall Hollingsworth,,,64,3
,Rodrigo Saravia,,,68,3
,Ben Swanson,,,69,3
,Will Trapp,,,71,3
,Abuchi Obinwa,,,72,3
,Bill Hamid,,,75,1
,Charlie Horton,,,76,1
,Eric Klenofsky,,,77,1
,Bobby Boswell,,,80,2
,Julian Buescher,,,87,3
,Christopher Durkin,,,89,3
,Patrick Nyarko,,,93,3
,Chris Rolfe,,,94,3
,Lloyd Sam,,,95,3
,Marcelo Sarvas,,,96,3
,Rob Vincent,,,97,3
,Sebastien Le Toux,,,98,3
,Alhaji Kamara,,,99,4
,Jose Guillermo Ortiz,,,101,4
,Anibal Chala,,,105,2
,Aaron Guillen,,,107,2
,Atiba Harris,,,108,2
,Coy Craft,,,113,3
,Javier Morales,,,119,3
,Tyler Deric,,,129,1
,Agustin Garcia,,,131,2
,AJ DeLaGarza,,,133,2
,Alexandre Monteiro De Lima,,,137,3
,Jose Escalante,,,142,3
,Christian Lucatero,,,143,3
,Erick Torres,,,148,4
,Vicente Sanchez,,,149,4
,Maxime Crepeau,,,151,1
,Eric Kronberg,,,152,1
,Hassoun Camara,,,154,2
,Wandrille Lefevre,,,158,2
,Ambroise Oyongo,,,159,2
,Hernan Bernardello,,,161,3
,Patrice Bernier,,,162,3
,Andres Romero,,,167,3
,Ballou Jean-Yves Tabla,,,169,3
,Dan Kennedy,,,176,1
,Robbie Rogers,,,180,2
,Jelle Van Damme,,,183,2
,Rafael Garcia,,,184,3
,Jermaine Jones,,,187,3
,Raul Mendiola,,,195,4
,Donald Smith,,,203,2
,Je-Vaughn Watson,,,205,2
,London Woodberry,,,206,2
,Benjamin Angoua,,,207,2
,Antonio Mlinar Delamea,,,208,2
,Daigo Kobayashi,,,213,3
,Xavier Kouassi,,,214,3
,Eirik Johansen,,,220,1
,Shannon Gomez,,,226,2
,Ethan White,,,228,2
,Miguel Camargo,,,230,3
,Mix Diskerud,,,231,3
,Jack Harrison,,,232,3
,Mikey Lopez,,,233,3
,Andrea Pirlo,,,235,3
,Sean Okoli,,,237,4
,Rafael Diaz,,,243,1
,Gideon Baah,,,246,2
,Justin Bilyeu,,,247,2
,Damien Perrinelle,,,252,2
,Derrick Etienne,,,254,3
,Zeiko Lewis,,,258,3
,Dan Metzger,,,259,3
,Arun Basuljevic,,,262,3
,Brandon Allen,,,263,4
,Gonzalo Veron,,,264,4
,Josh Saunders,,,270,1
,Kevin Alston,,,272,2
,Conor Donovan,,,273,2
,Devron Garcia,,,274,2
,Seb Hines,,,275,2
,David Mateos,,,276,2
,Kaka,,,286,3
,Antonio Nocerino,,,288,3
,Matias Perez Garcia,,,289,3
,Hadji Barry,,,293,4
,Bryan Rochez,,,295,4
,Ken Tribbett,,,302,2
,Giliano Wijnaldum,,,304,2
,Roland Alberg,,,306,3
,Brian Carroll,,,309,3
,Maurice Edu,,,312,3
,Ilson Pereira Dias Junior,,,313,3
,Charlie Davies,,,315,4
,CJ Sapong,,,317,4
,Oguchi Onyewu,,,319,2
,Amobi Okugo,,,328,2
,Ben Zemanski,,,339,3
,Jack McInerney,,,344,4
,Lucas Melano,,,345,4
,Lalo Fernandez,,,346,1
,Matt Van Oekel,,,348,1
,Chris Wingert,,,354,2
,Omar Holness,,,360,3
,Ricardo Velazco,,,368,4
,Chad Barrett,,,369,4
,Victor Bernardez,,,372,2
,Shaun Francis,,,374,2
,Andres Imperiale,,,375,2
,Marvell Wynne,,,377,2
,Kofi Sarkodie,,,378,2
,Cordell Cato,,,381,3
,Marc Pelosi,,,385,3
,Matheus Silva,,,387,3
,Joevin Jones,,,399,2
,Alvaro Fernandez,,,404,3
,Victor Mansaray,,,413,4
,Igor Juliao,,,422,2
,Erik Palmer-Brown,,,425,2
,Tyler Pasher,,,426,2
,Benji Joya,,,431,3
,Soni Mustivar,,,432,3
,Cameron Iwasa,,,438,4
,Cameron Porter,,,439,4
,Christian Volesky,,,442,4
,Brandon Aubrey,,,446,2
,Michael  Bradley,,,453,3
,Sergio Camargo,,,454,3
,Armando Cooper,,,456,3
,Tsubasa Endoh,,,458,3
,Jonathon Osorio,,,459,3
,Mo Babouli,,,461,4
,Paolo Tornaghi,,,468,1
,David Edgar,,,472,2
,Sheanon Williams,,,476,2
,Cole Seiler,,,477,2
,Christian Bolanos,,,479,3
,Marco Bustos,,,480,3
,Andrew Jacobson,,,483,3
,Matias Laba,,,484,3
,Ben McKendry,,,485,3
,Giles Barnes,,,490,4
,Kyle Greig,,,491,4
,Kekuta Manneh,,,492,4
,Alexander Tambakis,,,494,1
,Mark Bloom,,,496,2
,Zach Loyd,,,498,2
,Kenwyne Jones,,,513,4
,Jeffrey Otoo,,,514,4
,Anton Walkes,,,518,2
,John Alvbage,,,520,1
,Justin Davis,,,522,2
,Joseph Greenspan,,,524,2
,Kevin Venegas,,,526,2
,Jermaine Taylor,,,527,2
,Mohammed Saied,,,531,3
,Johan Venegas,,,532,3
,Bernardo Anor,,,533,3
,Benoit Cheyrou,,,540,3
,Fabrice-Jean Picault,,,546,4
,Carlos Carmona,,,548,3
,Hernan Grana,,,551,2
,Carlos Cermeno,,,552,3
,Bashkim Kadrii,,,553,3
,Jakob Nerwinski,,,557,2
,Jose de Lima Junior,,,558,3
,Fredy Montero,,,560,4
,Joshua Gatt,,,561,3
,Walker Hume,,,565,2
,John Stertzer,,,568,3
,Michael Amir Murillo,,,570,2
,Adrian Arregui,,,572,3
,Matej Dekovic,,,575,2
,Aaron Jones,,,577,2
,Mauro Rosales,,,580,3
,Kyle Reynish,,,581,1
,Taylor Hunter,,,582,2
,Joseph Holland,,,583,3
,Jose Rodriguez,,,584,3
,Bradley Diallo,,,586,2
,Joshua Smith,,,588,2
,Maxim Tissot,,,589,2
,Nathan Smith,,,591,2
,Justin Schmidt,,,593,2
,Reagan Dunk,,,594,2
,Jaime Villarreal,,,598,3
,Ismaila Jome,,,600,3
,Danny Deakin,,,601,3
,Moussa Sane,,,602,4
,Fredrik Gulbrandsen,,,603,4
,Johan Brunell,,,605,2
,Oyvind Alseth,,,609,2
,Jason Hernandez,,,610,2
,Mark Pais,,,611,1
,Luis Gil,,,613,3
,Leonardo Pereira,,,614,2
,Chris Korb,,,615,2
,Blerim Dzemaili,,,616,3
,Bernie Ibini-Isei,,,618,4
,Lindo Mfeka,,,620,3
,Jacob Lissek,,,621,1
,Gershon Koffie,,,622,3
,Deshorn Brown,,,624,4
,Pele van Anholt,,,628,2
,Larrys Mabiala Destin,,,632,2
,Marcelo Andres Silva Fernandez,,,633,2
,Valeri Kazaishvili,,,634,3
,Deian Boldor,,,641,2
,Bill Poni Tuiloma,,,644,3
,Pedro Miguel Martins Santos,,,647,3
,Luis Gonzalez,,,651,3
,Victor Yoshimar Yotun,,,655,2
,Andraz Struna,,,665,2
,Kevin Renato Fortes Oliveira,,,667,3
,Emmanuel Igiebor,,,670,3
